nome,url,porcao,calorias,carboidratos,proteinas,gorduras,gorduras_saturadas,fibras,acucares,sodio,data_coleta,categoria,codigo,marca
Leite UHT Integral Qualitá Caixa com Tampa 1l,https://www.paodeacucar.com/produto/164887/leite-uht-integral-qualita-caixa-com-tampa-1l,200.0,116.0,9.2,6.2,6.0,3.5,0.0,0.0,129.0,2025-10-23 06:47:57,Não especificada,7895000318636,Qualitá
"Suco Integral Laranja Natural One Refrigerado Garrafa 1,3l","https://www.paodeacucar.com/produto/1636196/suco-integral-laranja-natural-one-refrigerado-garrafa-1,3l",200.0,83.0,19.0,1.7,0.0,0.0,0.0,16.0,0.0,2025-10-23 06:51:17,Não especificada,7899916918768,Natural One
"Refrigerante Coca-Cola Original Garrafa 1,5l","https://www.paodeacucar.com/produto/13204/refrigerante-coca-cola-original-garrafa-1,5l",200.0,88.0,21.0,0.0,0.0,0.0,0.0,21.0,10.0,2025-10-23 06:52:33,Não especificada,7894900011753,Coca-Cola
"Suco Integral Uva Tinto Aurora Garrafa 1,5l","https://www.paodeacucar.com/produto/109875/suco-integral-uva-tinto-aurora-garrafa-1,5l",200.0,114.0,28.0,0.42,0.0,0.0,0.26,0.0,1.42,2025-10-23 06:52:52,Não especificada,7891141019838,Aurora
Néctar Uva Del Valle Caixa 1l,https://www.paodeacucar.com/produto/53077/nectar-uva-del-valle-caixa-1l,200.0,84.0,21.0,0.0,0.0,0.0,0.0,21.0,9.5,2025-10-23 06:53:11,Não especificada,7898341430098,del Valle
Suco Uva e Maçã Natural One Ambiente Garrafa 900ml,https://www.paodeacucar.com/produto/339050/suco-uva-e-maca-natural-one-ambiente-garrafa-900ml,200.0,96.0,24.0,1.5,0.0,0.0,2.0,21.0,24.0,2025-10-23 06:54:36,Não especificada,7899916904839,Natural One
Suco Integral Maçã Natural One Refrigerado Garrafa 900ml,https://www.paodeacucar.com/produto/292195/suco-integral-maca-natural-one-refrigerado-garrafa-900ml,200.0,84.0,21.0,0.0,0.0,0.0,0.0,15.0,0.0,2025-10-23 06:56:25,Não especificada,7898553442940,Natural One
Refrigerante Coca-Cola Garrafa 200ml,https://www.paodeacucar.com/produto/365990/refrigerante-coca-cola-garrafa-200ml,200.0,88.0,21.0,0.0,0.0,0.0,0.0,21.0,10.0,2025-10-23 06:57:08,Não especificada,78908901,Coca-Cola
Néctar Caju Del Valle Caixa Sem Adição de Açúcar 1L,https://www.paodeacucar.com/produto/22729/nectar-caju-del-valle-caixa-sem-adicao-de-acucar-1l,200.0,13.0,3.1,0.0,0.0,0.0,0.0,2.8,0.0,2025-10-23 06:57:47,Não especificada,7898341430081,del Valle
Água De Coco Kero Coco Caixa 1L,https://www.paodeacucar.com/produto/47384/agua-de-coco-kero-coco-caixa-1l,200.0,40.0,10.0,0.0,0.0,0.0,0.0,10.0,12.0,2025-10-23 06:59:07,Não especificada,7896828000239,Kero Coco
Água de Coco Esterilizada Taeq Caixa 1l,https://www.paodeacucar.com/produto/54940/agua-de-coco-esterilizada-taeq-caixa-1l,200.0,44.0,11.0,0.0,0.0,0.0,0.0,0.0,32.0,2025-10-23 06:59:28,Não especificada,7895000292035,Taeq
Cerveja Lager Puro Malte Amstel Lata 350ml,https://www.paodeacucar.com/produto/1606864/cerveja-lager-puro-malte-amstel-lata-350ml,100.0,37.0,2.7,0.4,0.0,0.0,0.0,0.0,3.92,2025-10-23 07:00:04,Não especificada,7896045506934,Amstel
Leite Longa Vida Semidesnatado QUALITÁ 1 Litro,https://www.paodeacucar.com/produto/145673/leite-longa-vida-semidesnatado-qualita-1-litro,200.0,83.0,9.9,6.0,2.2,1.3,0.0,0.0,122.0,2025-10-23 07:00:42,Não especificada,7895000334254,Qualitá
Bebida Adoçada Maracujá Maguary Caixa 1l,https://www.paodeacucar.com/produto/95963/bebida-adocada-maracuja-maguary-caixa-1l,200.0,92.0,23.0,0.0,0.0,0.0,0.0,0.0,0.0,2025-10-23 07:01:21,Não especificada,7896000530363,Maguary
Polpa de Fruta Abacaxi Qualitá Pacote 100g,https://www.paodeacucar.com/produto/1614978/polpa-de-fruta-abacaxi-qualita-pacote-100g,100.0,45.0,13.0,2.1,0.0,0.0,0.0,13.0,19.0,2025-10-23 07:01:40,Não especificada,7895000528950,Qualitá
Néctar Uva Del Valle Caixa 1l,https://www.paodeacucar.com/produto/168623/nectar-uva-del-valle-caixa-1l,200.0,33.0,7.9,0.0,0.0,0.0,0.0,7.8,0.0,2025-10-23 07:02:02,Não especificada,7898341430777,del Valle
Polpa de Fruta Morango Qualitá Pacote 100g,https://www.paodeacucar.com/produto/1614966/polpa-de-fruta-morango-qualita-pacote-100g,100.0,20.0,3.0,2.3,0.0,0.0,0.0,3.0,23.0,2025-10-23 07:02:21,Não especificada,7895000529094,Qualitá
Polpa de Fruta Manga Qualitá Pacote 100g,https://www.paodeacucar.com/produto/1614967/polpa-de-fruta-manga-qualita-pacote-100g,100.0,66.0,15.0,1.5,0.0,0.0,0.0,14.0,16.0,2025-10-23 07:02:42,Não especificada,7895000529070,Qualitá
Leite Semi Desnatado NINHO Levinho 1L,https://www.paodeacucar.com/produto/463526/leite-semi-desnatado-ninho-levinho-1l,200.0,84.0,9.3,6.4,2.4,1.5,0.0,9.3,126.0,2025-10-23 07:03:01,Não especificada,7898215157427,Ninho
Leite Em Pó Ninho Integral Lata 380g,https://www.paodeacucar.com/produto/586550/leite-em-po-ninho-integral-lata-380g,25.0,124.0,9.4,6.4,0.3,4.4,0.0,9.0,98.0,2025-10-23 07:03:20,Não especificada,7891000325858,Ninho
Polpa de Fruta Goiaba Qualitá Pacote 100g,https://www.paodeacucar.com/produto/1614971/polpa-de-fruta-goiaba-qualita-pacote-100g,100.0,36.0,6.9,1.9,0.0,0.0,0.0,5.9,18.0,2025-10-23 07:04:20,Não especificada,7895000529056,Qualitá
Polpa de Fruta Acerola Qualitá Pacote 100g,https://www.paodeacucar.com/produto/1617449/polpa-de-fruta-acerola-qualita-pacote-100g,100.0,29.0,5.0,3.0,0.0,0.0,0.0,5.0,226.0,2025-10-23 07:04:59,Não especificada,7895000529001,Qualitá
Polpa de Fruta Cajá Qualitá Pacote 100g,https://www.paodeacucar.com/produto/1614968/polpa-de-fruta-caja-qualita-pacote-100g,100.0,37.0,6.6,2.4,0.0,0.0,0.0,5.1,19.0,2025-10-23 07:05:18,Não especificada,7895000529025,Qualitá
Polpa de Fruta Uva Qualitá Pacote 100g,https://www.paodeacucar.com/produto/1614970/polpa-de-fruta-uva-qualita-pacote-100g,100.0,57.0,12.0,1.8,0.0,0.0,0.0,11.0,16.0,2025-10-23 07:05:55,Não especificada,7895000529100,Qualitá
Polpa de Fruta Maracujá De Marchi Pacote 100g,https://www.paodeacucar.com/produto/219428/polpa-de-fruta-maracuja-de-marchi-pacote-100g,100.0,68.0,12.0,2.0,2.1,0.0,1.0,0.0,0.0,2025-10-23 07:06:14,Não especificada,7896519210602,de Marchi
Polpa de Fruta Abacaxi com Hortelã Qualitá Pacote 100g,https://www.paodeacucar.com/produto/1614982/polpa-de-fruta-abacaxi-com-hortela-qualita-pacote-100g,100.0,38.0,8.1,2.4,0.0,0.0,0.0,8.1,34.0,2025-10-23 07:06:33,Não especificada,7895000528998,Qualitá
"Suco Misto Uva 1,3L","https://www.paodeacucar.com/produto/1636194/suco-misto-uva-1,3l",200.0,88.0,22.0,0.0,0.0,0.0,0.0,13.0,13.0,2025-10-23 07:06:54,Não especificada,7899916918645,Natural One
"Chá Mate Limão Matte Leão Garrafa 1,5l","https://www.paodeacucar.com/produto/396909/cha-mate-limao-matte-leao-garrafa-1,5l",200.0,60.0,15.0,0.0,0.0,0.0,0.0,15.0,15.0,2025-10-23 07:07:13,Não especificada,7891098040589,Matte Leão
Néctar Manga Del Valle Caixa 1l,https://www.paodeacucar.com/produto/80070/nectar-manga-del-valle-caixa-1l,200.0,72.0,18.0,0.0,0.0,0.0,0.0,18.0,9.5,2025-10-23 07:07:52,Não especificada,7894900660357,del Valle
"Suco Integral Laranja Xandô Refrigerado Garrafa 1,5l","https://www.paodeacucar.com/produto/1441479/suco-integral-laranja-xando-refrigerado-garrafa-1,5l",200.0,82.0,18.0,1.2,0.0,0.0,0.0,15.0,6.0,2025-10-23 07:08:11,Não especificada,7896623100714,Xandô
Suco Limonada Natural One Refrigerado Garrafa 900ml,https://www.paodeacucar.com/produto/292148/suco-limonada-natural-one-refrigerado-garrafa-900ml,200.0,116.0,29.0,0.0,0.0,0.0,0.0,0.0,6.0,2025-10-23 07:08:32,Não especificada,7898553442957,Natural One
Néctar Maçã Maguary Caixa 1l,https://www.paodeacucar.com/produto/220254/nectar-maca-maguary-caixa-1l,200.0,88.0,22.0,0.0,0.0,0.0,0.0,0.0,0.0,2025-10-23 07:08:51,Não especificada,7896000593702,Maguary
Suco Laranja e Maçã Natural One Ambiente Garrafa 180ml,https://www.paodeacucar.com/produto/1616960/suco-laranja-e-maca-natural-one-ambiente-garrafa-180ml,180.0,68.0,17.0,0.0,0.0,0.0,0.0,14.0,6.3,2025-10-23 07:09:46,Não especificada,7899916917150,Natural One
Suco Pêssego Natural One Ambiente Garrafa 900ml,https://www.paodeacucar.com/produto/1127409/suco-pessego-natural-one-ambiente-garrafa-900ml,0.0,103.0,24.0,1.3,0.0,0.0,2.7,19.0,5.3,2025-10-23 07:10:43,Não especificada,7899916912902,Natural One
Néctar Caju Maguary Caixa 1l,https://www.paodeacucar.com/produto/112743/nectar-caju-maguary-caixa-1l,200.0,96.0,24.0,0.0,0.0,0.0,0.0,0.0,5.1,2025-10-23 07:11:02,Não especificada,7896000530356,Maguary
Néctar Abacaxi Del Valle Caixa 1l,https://www.paodeacucar.com/produto/12263/nectar-abacaxi-del-valle-caixa-1l,200.0,80.0,20.0,0.0,0.0,0.0,0.0,20.0,8.5,2025-10-23 07:12:17,Não especificada,7894900660364,del Valle
"Suco Integral Uva Tinto Qualitá Garrafa 1,35l","https://www.paodeacucar.com/produto/1629303/suco-integral-uva-tinto-qualita-garrafa-1,35l",200.0,102.0,25.0,0.6,0.0,0.0,0.0,24.0,0.0,2025-10-23 07:13:11,Não especificada,7895000533886,Qualitá
Suco Goiaba Natural One Refrigerado Garrafa 900ml,https://www.paodeacucar.com/produto/512761/suco-goiaba-natural-one-refrigerado-garrafa-900ml,200.0,93.0,23.0,0.0,0.0,0.0,0.0,21.0,0.0,2025-10-23 07:14:10,Não especificada,7899916906628,Natural One
Suco Maçã Natural One Ambiente Garrafa 180ml,https://www.paodeacucar.com/produto/461546/suco-maca-natural-one-ambiente-garrafa-180ml,180.0,80.0,20.0,1.3,0.0,0.0,3.6,18.0,7.6,2025-10-23 07:14:49,Não especificada,7899916906055,Natural One
Refrigerante Coca-Cola Garrafa 600ml,https://www.paodeacucar.com/produto/155197/refrigerante-coca-cola-garrafa-600ml,200.0,88.0,21.0,0.0,0.0,0.0,0.0,21.0,10.0,2025-10-23 07:15:13,Não especificada,7894900011609,Coca-Cola
"Chá Mate Original Matte Leão Zero Garrafa 1,5l","https://www.paodeacucar.com/produto/396847/cha-mate-original-matte-leao-zero-garrafa-1,5l",200.0,0.0,0.6,0.0,0.0,0.0,0.0,0.0,12.0,2025-10-23 07:17:20,Não especificada,7891098040572,Matte Leão
Suco Uva e Maçã Natural One Ambiente Garrafa 180ml,https://www.paodeacucar.com/produto/461545/suco-uva-e-maca-natural-one-ambiente-garrafa-180ml,180.0,88.0,22.0,0.0,0.0,0.0,0.0,19.0,22.0,2025-10-23 07:18:00,Não especificada,7899916906031,Natural One
Néctar Uva e Maçã Qualitá Caixa 200ml,https://www.paodeacucar.com/produto/1616483/nectar-uva-e-maca-qualita-caixa-200ml,200.0,90.0,22.0,0.0,0.0,0.0,0.0,22.0,0.0,2025-10-23 07:18:23,Não especificada,7895000528080,Qualitá
Suco Maçã Del Valle Caixa 200ml,https://www.paodeacucar.com/produto/470372/suco-maca-del-valle-caixa-200ml,200.0,98.0,24.0,0.0,0.0,0.0,0.0,24.0,0.0,2025-10-23 07:20:18,Não especificada,7894900612059,del Valle
"Suco Laranja, Abacaxi, Cenoura e Gengibre Xandô Garrafa 900ml","https://www.paodeacucar.com/produto/615961/suco-laranja,-abacaxi,-cenoura-e-gengibre-xando-garrafa-900ml",200.0,79.0,18.0,1.1,0.0,0.0,0.0,16.0,43.0,2025-10-23 07:20:38,Não especificada,7896623100615,Xandô
Néctar de Maracujá Qualitá Caixa 200ml,https://www.paodeacucar.com/produto/399849/nectar-de-maracuja-qualita-caixa-200ml,200.0,98.0,24.0,0.0,0.0,0.0,0.9,0.0,30.0,2025-10-23 07:21:34,Não especificada,7895000447930,Qualitá
"Chá Preto Ice Tea Pêssego Leão Garrafa 1,5l","https://www.paodeacucar.com/produto/429390/cha-preto-ice-tea-pessego-leao-garrafa-1,5l",200.0,35.0,8.7,0.0,0.0,0.0,0.0,8.6,57.0,2025-10-23 07:22:12,Não especificada,7891098040909,Leão
"Chá Mate Limão Matte Leão Zero Garrafa 1,5l","https://www.paodeacucar.com/produto/396844/cha-mate-limao-matte-leao-zero-garrafa-1,5l",200.0,4.0,0.9,0.0,0.0,0.0,0.0,0.0,10.0,2025-10-23 07:23:10,Não especificada,7891098040596,Matte Leão
Cerveja Heineken Zero Lata Sleek 350ml,https://www.paodeacucar.com/produto/1606861/cerveja-heineken-zero-lata-sleek-350ml,100.0,21.0,4.8,0.4,0.0,0.0,0.0,0.9,3.0,2025-10-23 07:23:30,Não especificada,7896045506910,Heineken
Néctar Laranja e Maçã Qualitá Caixa 200ml,https://www.paodeacucar.com/produto/1616482/nectar-laranja-e-maca-qualita-caixa-200ml,200.0,84.0,21.0,0.0,0.0,0.0,0.0,21.0,0.0,2025-10-23 07:24:07,Não especificada,7895000528103,Qualitá
Bebida à Base de Soja Maçã Ades Caixa 200ml,https://www.paodeacucar.com/produto/78656/bebida-a-base-de-soja-maca-ades-caixa-200ml,200.0,35.0,5.9,1.2,0.6,0.0,0.0,5.0,15.0,2025-10-23 07:24:43,Não especificada,7894900087079,Ades
Bebida à Base de Soja Morango Ades Caixa 200ml,https://www.paodeacucar.com/produto/324326/bebida-a-base-de-soja-morango-ades-caixa-200ml,200.0,32.0,5.1,1.2,0.6,0.0,0.0,3.9,18.0,2025-10-23 07:25:39,Não especificada,7894900087093,Ades
"Chá Lipton Ice Tea Limão Light Garrafa 1,5l","https://www.paodeacucar.com/produto/82074/cha-lipton-ice-tea-limao-light-garrafa-1,5l",200.0,70.0,18.0,0.0,0.0,0.0,0.0,0.0,0.0,2025-10-23 07:26:16,Não especificada,7891042000201,Lipton
Suco Concentrado Goiaba Maguary Garrafa 500ml,https://www.paodeacucar.com/produto/36522/suco-concentrado-goiaba-maguary-garrafa-500ml,40.0,11.0,2.5,0.0,0.0,0.0,0.0,1.5,5.8,2025-10-23 07:26:35,Não especificada,7896000559265,Maguary
Suco Integral Uva OQ Garrafa 1l,https://www.paodeacucar.com/produto/345640/suco-integral-uva-oq-garrafa-1l,200.0,82.0,19.0,0.9,0.0,0.0,0.0,19.0,0.0,2025-10-23 07:26:56,Não especificada,7898942775314,Oq
Polpa de Fruta Acerola e Laranja Qualitá Pacote 100g,https://www.paodeacucar.com/produto/1618921/polpa-de-fruta-acerola-e-laranja-qualita-pacote-100g,100.0,60.0,13.0,2.1,0.0,0.0,0.0,11.0,25.0,2025-10-23 07:27:52,Não especificada,7895000529018,Qualitá
Suco Concentrado Manga Maguary Garrafa 500ml,https://www.paodeacucar.com/produto/3893/suco-concentrado-manga-maguary-garrafa-500ml,67.0,25.0,6.2,0.0,0.0,0.0,0.0,5.9,5.3,2025-10-23 07:28:29,Não especificada,7896000558381,Maguary
"Refrigerante ANTARCTICA Guaraná Garrafa 1,5L","https://www.paodeacucar.com/produto/125107/refrigerante-antarctica-guarana-garrafa-1,5l",200.0,80.0,20.0,0.0,0.0,0.0,0.0,0.0,11.0,2025-10-23 07:29:13,Não especificada,7891991008761,Antarctica
Refrigerante ANTARCTICA Soda Limonada Zero Lata 350ml,https://www.paodeacucar.com/produto/165251/refrigerante-antarctica-soda-limonada-zero-lata-350ml,350.0,2.5,0.0,0.0,0.0,0.0,0.0,0.0,0.0,2025-10-23 07:29:51,Não especificada,7891991000819,Antarctica
Suco Uva Maguary Fruit Shoot Caixa 150ml,https://www.paodeacucar.com/produto/595336/suco-uva-maguary-fruit-shoot-caixa-150ml,150.0,76.0,19.0,0.0,0.0,0.0,0.0,19.0,6.9,2025-10-23 07:30:10,Não especificada,7896000597847,Maguary
"Suco Laranja e Maçã Natural One Ambiente Garrafa 1,3l","https://www.paodeacucar.com/produto/1636198/suco-laranja-e-maca-natural-one-ambiente-garrafa-1,3l",200.0,76.0,19.0,0.0,0.0,0.0,0.0,15.0,7.0,2025-10-23 07:31:29,Não especificada,7899916918720,Natural One
Suco Uva Xandô Garrafa 900ml,https://www.paodeacucar.com/produto/459782/suco-uva-xando-garrafa-900ml,200.0,121.0,28.0,1.0,0.0,0.0,0.0,27.0,43.0,2025-10-23 07:31:49,Não especificada,7896623100462,Xandô
Bebida Uva com Cranberry Life Mix Caixa 1l,https://www.paodeacucar.com/produto/346267/bebida-uva-com-cranberry-life-mix-caixa-1l,200.0,40.0,10.0,0.14,0.0,0.0,3.8,6.0,19.0,2025-10-23 07:32:08,Não especificada,7898954360041,Life Mix
"Refrigerante Citrus Schweppes Garrafa 1,5l","https://www.paodeacucar.com/produto/101676/refrigerante-citrus-schweppes-garrafa-1,5l",200.0,7.0,1.1,0.0,0.0,0.0,0.0,1.1,50.0,2025-10-23 07:32:27,Não especificada,7894900321753,Schweppes
Bebida Laranja Life Mix Caixa 200ml,https://www.paodeacucar.com/produto/346272/bebida-laranja-life-mix-caixa-200ml,200.0,40.0,10.0,0.7,0.0,0.0,3.8,6.8,13.0,2025-10-23 07:32:46,Não especificada,7898954360058,Life Mix
Suco Integral Uva Tinto com Hortelã Villa Piva Garrafa 1l,https://www.paodeacucar.com/produto/426902/suco-integral-uva-tinto-com-hortela-villa-piva-garrafa-1l,200.0,157.0,37.0,0.4,0.3,0.0,0.4,26.0,7.0,2025-10-23 07:34:05,Não especificada,7898965716103,Villa Piva
Suco Integral Laranja OQ Garrafa 1l,https://www.paodeacucar.com/produto/1459416/suco-integral-laranja-oq-garrafa-1l,200.0,82.0,19.0,1.4,0.0,0.0,0.0,18.0,0.0,2025-10-23 07:34:24,Não especificada,7898942775703,Oq
Xarope Guaraná Qualitá Garrafa 1l,https://www.paodeacucar.com/produto/1614402/xarope-guarana-qualita-garrafa-1l,20.0,52.0,13.0,0.0,0.0,0.0,0.0,13.0,9.0,2025-10-23 07:34:43,Não especificada,7895000529292,Qualitá
Suco Integral Tangerina Villa Piva Garrafa 300ml,https://www.paodeacucar.com/produto/423311/suco-integral-tangerina-villa-piva-garrafa-300ml,300.0,133.0,24.0,1.0,3.0,0.0,2.0,25.0,16.0,2025-10-23 07:35:38,Não especificada,7898965716059,Villa Piva
Bebida Orgânica Pink Lemonade Poder da Terra Caixa 1l,https://www.paodeacucar.com/produto/448847/bebida-organica-pink-lemonade-poder-da-terra-caixa-1l,200.0,80.0,20.0,0.0,0.0,0.0,0.0,18.0,10.0,2025-10-23 07:35:57,Não especificada,7898954360805,Poder da Terra
Limonada Orgânica NATIVE 1 Litro,https://www.paodeacucar.com/produto/331027/limonada-organica-native-1-litro,200.0,79.0,19.0,0.0,0.0,0.0,0.0,0.0,0.0,2025-10-23 07:36:16,Não especificada,7898206502236,Bandeiras
Bebida Orgânica Limonada Poder da Terra Caixa 1l,https://www.paodeacucar.com/produto/448629/bebida-organica-limonada-poder-da-terra-caixa-1l,200.0,80.0,20.0,0.0,0.0,0.0,0.0,18.0,10.0,2025-10-23 07:37:16,Não especificada,7898954360799,Poder da Terra
Refrigerante Coca-Cola Original Garrafa 2l,https://www.paodeacucar.com/produto/449568/refrigerante-coca-cola-original-garrafa-2l,200.0,59.0,15.0,0.0,0.0,0.0,0.0,15.0,10.0,2025-10-23 07:37:40,Não especificada,7894900027013,Coca-Cola
Bebida Orgânica Limonada e Hortelã Poder da Terra Caixa 1l,https://www.paodeacucar.com/produto/448841/bebida-organica-limonada-e-hortela-poder-da-terra-caixa-1l,200.0,80.0,20.0,0.0,0.0,0.0,0.0,18.0,10.0,2025-10-23 07:39:28,Não especificada,7898954360829,Poder da Terra
Suco Maçã Maguary Fruit Shoot Caixa 150ml,https://www.paodeacucar.com/produto/595334/suco-maca-maguary-fruit-shoot-caixa-150ml,150.0,68.0,17.0,0.0,0.0,0.0,0.0,17.0,0.0,2025-10-23 07:40:04,Não especificada,7896000597878,Maguary
Suco Integral Maçã Villa Piva Garrafa 300ml,https://www.paodeacucar.com/produto/419697/suco-integral-maca-villa-piva-garrafa-300ml,300.0,145.0,34.0,0.3,0.4,0.0,0.6,30.0,2.0,2025-10-23 07:40:42,Não especificada,7898965716042,Villa Piva
Bebida Orgânica Limonada e Gengibre Poder da Terra Caixa 1l,https://www.paodeacucar.com/produto/448848/bebida-organica-limonada-e-gengibre-poder-da-terra-caixa-1l,200.0,80.0,20.0,0.0,0.0,0.0,0.0,18.0,10.0,2025-10-23 07:41:02,Não especificada,7898954360812,Poder da Terra
Bebida Adoçada Pink Lemonade Villa Piva Garrafa 300ml,https://www.paodeacucar.com/produto/789440/bebida-adocada-pink-lemonade-villa-piva-garrafa-300ml,300.0,138.0,0.0,0.0,0.0,0.0,0.0,0.0,0.0,2025-10-23 07:41:22,Não especificada,7898965716318,Villa Piva
Néctar Orgânico Sabor Maçã e Uva NATIVE 200 g,https://www.paodeacucar.com/produto/405912/nectar-organico-sabor-maca-e-uva-native-200-g,200.0,92.0,23.0,0.0,0.0,0.0,0.0,17.0,53.0,2025-10-23 07:41:59,Não especificada,7898206502663,Bandeiras
Suco Integral Laranja OQ Garrafa 300ml,https://www.paodeacucar.com/produto/1545250/suco-integral-laranja-oq-garrafa-300ml,300.0,123.0,29.0,2.1,0.0,0.0,0.0,26.0,0.0,2025-10-23 07:42:18,Não especificada,7898942775710,Oq
Néctar Orgânico Sabor Maçã e Maracujá NATIVE 200 g,https://www.paodeacucar.com/produto/405914/nectar-organico-sabor-maca-e-maracuja-native-200-g,200.0,87.0,21.0,0.0,0.0,0.0,0.0,17.0,49.0,2025-10-23 07:42:37,Não especificada,7898206502649,Bandeiras
Refrigerante Laranja Zero Adição de Açúcar Fanta Lata 350ml,https://www.paodeacucar.com/produto/110392/refrigerante-laranja-zero-adicao-de-acucar-fanta-lata-350ml,350.0,8.0,2.0,0.0,0.0,0.0,0.0,0.0,135.0,2025-10-23 07:42:56,Não especificada,7894900150018,Fanta
Refrigerante Laranja Fanta Garrafa 2l,https://www.paodeacucar.com/produto/12767/refrigerante-laranja-fanta-garrafa-2l,200.0,80.0,20.0,0.0,0.0,0.0,0.0,20.0,24.0,2025-10-23 07:49:07,Não especificada,7894900031515,Fanta
Refrigerante Limão Sprite Garrafa 2l,https://www.paodeacucar.com/produto/412933/refrigerante-limao-sprite-garrafa-2l,200.0,81.0,20.0,0.0,0.0,0.0,0.0,20.0,15.0,2025-10-23 07:49:46,Não especificada,7894900681000,Sprite
Suco Laranja e Maçã Natural One Ambiente Garrafa 900ml,https://www.paodeacucar.com/produto/1631420/suco-laranja-e-maca-natural-one-ambiente-garrafa-900ml,200.0,76.0,19.0,0.0,0.0,0.0,0.0,15.0,7.0,2025-10-23 07:50:05,Não especificada,7899916917037,Natural One
Kit Refrigerante Coca-Cola Original + Fanta Guaraná 2l Cada Leve Mais Pague Menos,https://www.paodeacucar.com/produto/470924/kit-refrigerante-coca-cola-original-+-fanta-guarana-2l-cada-leve-mais-pague-menos,200.0,81.0,21.0,0.0,0.0,0.0,0.0,21.0,16.0,2025-10-23 07:51:00,Não especificada,7894900027334,Coca-Cola
"Chá Mate Natural Matte Leão Garrafa 1,5l","https://www.paodeacucar.com/produto/396846/cha-mate-natural-matte-leao-garrafa-1,5l",200.0,59.0,15.0,0.0,0.0,0.0,0.0,15.0,13.0,2025-10-23 07:51:37,Não especificada,7891098040565,Matte Leão
Suco Integral Laranja Xandô Refrigerado Garrafa 900ml,https://www.paodeacucar.com/produto/461619/suco-integral-laranja-xando-refrigerado-garrafa-900ml,200.0,82.0,18.0,1.2,0.0,0.0,0.0,15.0,6.0,2025-10-23 07:51:56,Não especificada,7896623100509,Xandô
Suco Maçã Del Valle Caixa 1l,https://www.paodeacucar.com/produto/354327/suco-maca-del-valle-caixa-1l,200.0,98.0,24.0,0.0,0.0,0.0,2.8,24.0,25.0,2025-10-23 07:52:50,Não especificada,7894900612004,del Valle
Refrigerante Chucky Punch Fanta Lata 350ml,https://www.paodeacucar.com/produto/1639120/refrigerante-chucky-punch-fanta-lata-350ml,350.0,70.0,16.0,0.0,0.0,0.0,0.0,16.0,46.0,2025-10-23 07:53:45,Não especificada,7894900095203,Fanta
"Suco Uva Natural One Refrigerado Garrafa 1,3l","https://www.paodeacucar.com/produto/1636195/suco-uva-natural-one-refrigerado-garrafa-1,3l",200.0,88.0,22.0,0.0,0.0,0.0,0.0,13.0,13.0,2025-10-23 07:55:33,Não especificada,7899916918744,Natural One
Suco Maçã Natural One Ambiente Garrafa 900ml,https://www.paodeacucar.com/produto/339053/suco-maca-natural-one-ambiente-garrafa-900ml,200.0,114.0,28.0,0.0,0.0,0.0,1.0,18.0,0.0,2025-10-23 07:57:03,Não especificada,7899916904815,Natural One
Refrigerante Limão Sprite Garrafa 200ml,https://www.paodeacucar.com/produto/444514/refrigerante-limao-sprite-garrafa-200ml,200.0,81.0,20.0,0.0,0.0,0.0,0.0,20.0,15.0,2025-10-23 07:57:41,Não especificada,78939745,Sprite
Refrigerante Limão Siciliano FYs Lata 350ml,https://www.paodeacucar.com/produto/446425/refrigerante-limao-siciliano-fys-lata-350ml,200.0,60.0,15.0,0.0,0.0,0.0,0.0,14.0,14.0,2025-10-23 07:58:18,Não especificada,7896052607167,Fys
"Chá Preto Ice Tea Limão Leão Garrafa 1,5l","https://www.paodeacucar.com/produto/429391/cha-preto-ice-tea-limao-leao-garrafa-1,5l",200.0,36.0,8.5,0.0,0.0,0.0,0.0,8.4,57.0,2025-10-23 08:02:16,Não especificada,7891098040855,Leão
Xandô A2 Leite de Fácil Digestão Puro Tipo A Integral Selo Kosher 1 Litro,https://www.paodeacucar.com/produto/1286772/xando-a2-leite-de-facil-digestao-puro-tipo-a-integral-selo-kosher-1-litro,200.0,125.0,9.4,6.6,6.8,4.0,0.0,9.4,120.0,2025-10-23 08:05:36,Não especificada,7896623100769,Xandô
"Suco Integral Uva Branco Aurora Garrafa 1,5l","https://www.paodeacucar.com/produto/184891/suco-integral-uva-branco-aurora-garrafa-1,5l",200.0,116.0,29.0,0.42,0.0,0.0,0.28,0.0,1.52,2025-10-23 08:11:46,Não especificada,7891141025570,Aurora
Refrigerante Tutti Frutti Itubaína Retrô Lata 350ml,https://www.paodeacucar.com/produto/287414/refrigerante-tutti-frutti-itubaina-retro-lata-350ml,350.0,141.0,35.0,0.0,0.0,0.0,0.0,0.0,22.0,2025-10-23 08:13:01,Não especificada,7896052604975,Itubaína
Refrigerante Limão Sprite Lata 350ml,https://www.paodeacucar.com/produto/412934/refrigerante-limao-sprite-lata-350ml,350.0,142.0,36.0,0.0,0.0,0.0,0.0,36.0,27.0,2025-10-23 08:14:15,Não especificada,7894900681017,Sprite
Refrigerante Laranja Fanta Lata 350ml,https://www.paodeacucar.com/produto/76272/refrigerante-laranja-fanta-lata-350ml,350.0,140.0,35.0,0.0,0.0,0.0,0.0,35.0,42.0,2025-10-23 08:14:52,Não especificada,7894900030013,Fanta
Suco Integral Uva Casa de Bento Garrafa 1l,https://www.paodeacucar.com/produto/172104/suco-integral-uva-casa-de-bento-garrafa-1l,200.0,136.0,34.0,0.6,0.0,0.0,0.9,31.0,0.38,2025-10-23 08:15:11,Não especificada,7891141023910,Casa de Bento
Pack Refrigerante Coca-Cola Original Lata 6 Unidades 350ml Cada Leve Mais Pague Menos,https://www.paodeacucar.com/produto/473497/pack-refrigerante-coca-cola-original-lata-6-unidades-350ml-cada-leve-mais-pague-menos,350.0,154.0,37.0,0.0,0.0,0.0,0.0,37.0,18.0,2025-10-23 08:17:38,Não especificada,7894900011326,Coca-Cola
Refrigerante Uva Fanta Garrafa 2l,https://www.paodeacucar.com/produto/70655/refrigerante-uva-fanta-garrafa-2l,200.0,46.0,11.0,0.0,0.0,0.0,0.0,11.0,31.0,2025-10-23 08:19:13,Não especificada,7894900051513,Fanta
Refrigerante Guaraná Antarctica Garrafa 200ml,https://www.paodeacucar.com/produto/459409/refrigerante-guarana-antarctica-garrafa-200ml,200.0,83.0,0.0,0.0,0.0,0.0,0.0,0.0,0.0,2025-10-23 08:20:25,Não especificada,7891991014908,Antarctica
Refrigerante Laranja-Pera FYs Lata 350ml,https://www.paodeacucar.com/produto/446223/refrigerante-laranja-pera-fys-lata-350ml,200.0,59.0,15.0,0.0,0.0,0.0,0.0,15.0,27.0,2025-10-23 08:22:34,Não especificada,7896052607129,Fys
Água De Coco Kero Coco Caixa 200Ml,https://www.paodeacucar.com/produto/23339/agua-de-coco-kero-coco-caixa-200ml,200.0,40.0,10.0,0.0,0.0,0.0,0.0,10.0,12.0,2025-10-23 08:29:52,Não especificada,7896828000017,Kero Coco
Néctar Laranja Del Valle Caixa 1l,https://www.paodeacucar.com/produto/29497/nectar-laranja-del-valle-caixa-1l,200.0,84.0,21.0,0.0,0.0,0.0,0.0,21.0,6.2,2025-10-23 08:30:46,Não especificada,7898341430111,del Valle
Refrigerante Laranja Fanta Garrafa 600ml,https://www.paodeacucar.com/produto/106062/refrigerante-laranja-fanta-garrafa-600ml,200.0,80.0,20.0,0.0,0.0,0.0,0.0,20.0,24.0,2025-10-23 08:31:05,Não especificada,7894900031607,Fanta
Suco Maçã OQ Garrafa 1l,https://www.paodeacucar.com/produto/1613932/suco-maca-oq-garrafa-1l,200.0,84.0,20.0,0.0,0.0,0.0,0.0,16.0,0.0,2025-10-23 08:32:07,Não especificada,7898942775802,Oq
Refrigerante Uva Fanta Lata 220ml,https://www.paodeacucar.com/produto/361293/refrigerante-uva-fanta-lata-220ml,220.0,51.0,13.0,0.0,0.0,0.0,0.0,12.0,34.0,2025-10-23 08:33:04,Não especificada,7894900050394,Fanta
Suco Integral Tangerina Villa Piva Garrafa 1l,https://www.paodeacucar.com/produto/461591/suco-integral-tangerina-villa-piva-garrafa-1l,200.0,89.0,16.0,0.7,2.0,0.0,1.3,17.0,11.0,2025-10-23 08:33:23,Não especificada,7898965716080,Villa Piva
Refrigerante Uva Fanta Lata 350ml,https://www.paodeacucar.com/produto/75754/refrigerante-uva-fanta-lata-350ml,350.0,81.0,20.0,0.0,0.0,0.0,0.0,20.0,54.0,2025-10-23 08:34:57,Não especificada,7894900050011,Fanta
Cerveja Pilsen Puro Malte Unfiltered Eisenbahn Garrafa 355ml,https://www.paodeacucar.com/produto/1380265/cerveja-pilsen-puro-malte-unfiltered-eisenbahn-garrafa-355ml,100.0,41.0,3.5,0.47,0.0,0.0,0.0,0.0,5.8,2025-10-23 08:35:34,Não especificada,7898367984346,Eisenbahn
Fanta Laranja Original PET 200ML,https://www.paodeacucar.com/produto/385858/fanta-laranja-original-pet-200ml,200.0,80.0,20.0,0.0,0.0,0.0,0.0,20.0,24.0,2025-10-23 08:36:10,Não especificada,78936478,Fanta
Suco Maçã Yakult Caixa 200ml,https://www.paodeacucar.com/produto/138477/suco-maca-yakult-caixa-200ml,200.0,80.0,20.0,0.0,0.0,0.0,0.0,20.0,6.0,2025-10-23 08:36:29,Não especificada,7891156020218,Yakult
"Suco Integral Uva Tinto Qualitá Garrafa 1,35l","https://www.paodeacucar.com/produto/1635263/suco-integral-uva-tinto-qualita-garrafa-1,35l",200.0,102.0,25.0,0.6,0.0,0.0,0.0,24.0,0.0,2025-10-23 08:36:48,Não especificada,7895000536030,Qualitá
Cerveja Fruit Beer Passion Baden Baden Garrafa 600ml,https://www.paodeacucar.com/produto/1635326/cerveja-fruit-beer-passion-baden-baden-garrafa-600ml,100.0,46.0,3.0,0.5,0.0,0.0,0.5,0.9,4.6,2025-10-23 08:37:07,Não especificada,7898230716920,Baden Baden
Suco Laranja e Maçã Natural One Ambiente Garrafa 300ml,https://www.paodeacucar.com/produto/1631425/suco-laranja-e-maca-natural-one-ambiente-garrafa-300ml,300.0,115.0,28.0,0.7,0.0,0.0,0.0,23.0,10.0,2025-10-23 08:37:26,Não especificada,7899916917624,Natural One
"Suco Integral Laranja OQ Garrafa 1,5l","https://www.paodeacucar.com/produto/1540183/suco-integral-laranja-oq-garrafa-1,5l",200.0,82.0,19.0,1.4,0.0,0.0,0.0,18.0,0.0,2025-10-23 08:38:21,Não especificada,7898942775727,Oq
Refrigerante Coca-Cola Garrafa 1l,https://www.paodeacucar.com/produto/32002/refrigerante-coca-cola-garrafa-1l,200.0,85.0,21.0,0.0,0.0,0.0,0.0,21.0,10.0,2025-10-23 08:40:13,Não especificada,7894900011715,Coca-Cola
"Refrigerante Laranja Fanta Garrafa 1,5l","https://www.paodeacucar.com/produto/25184/refrigerante-laranja-fanta-garrafa-1,5l",200.0,80.0,20.0,0.0,0.0,0.0,0.0,20.0,24.0,2025-10-23 08:40:32,Não especificada,7894900031751,Fanta
Suco Integral Uva OQ Garrafa 300ml,https://www.paodeacucar.com/produto/1545266/suco-integral-uva-oq-garrafa-300ml,200.0,82.0,19.0,0.9,0.0,0.0,0.0,19.0,0.0,2025-10-23 08:41:08,Não especificada,7898942775307,Oq
Suco Integral Uva Tinto Aliança Caixa 1l,https://www.paodeacucar.com/produto/1625512/suco-integral-uva-tinto-alianca-caixa-1l,200.0,120.0,30.0,0.0,0.0,0.0,0.0,28.0,0.0,2025-10-23 08:42:21,Não especificada,7896100503090,Aliança
Suco Integral Maçã Villa Piva Garrafa 1l,https://www.paodeacucar.com/produto/461589/suco-integral-maca-villa-piva-garrafa-1l,200.0,97.0,23.0,0.1,0.3,0.0,0.4,20.0,1.3,2025-10-23 08:42:40,Não especificada,7898965716073,Villa Piva
Refrigerante Limão Sprite Garrafa 600ml,https://www.paodeacucar.com/produto/448858/refrigerante-limao-sprite-garrafa-600ml,200.0,81.0,20.0,0.0,0.0,0.0,0.0,20.0,15.0,2025-10-23 08:42:59,Não especificada,7894900681246,Sprite
"Suco Uva e Maçã Maguary Garrafa 1,35l","https://www.paodeacucar.com/produto/1632843/suco-uva-e-maca-maguary-garrafa-1,35l",200.0,104.0,26.0,0.0,0.0,0.0,0.0,26.0,35.0,2025-10-23 08:43:36,Não especificada,7898063767052,Maguary
Suco Integral Uva Tinto Villa Piva Garrafa 300ml,https://www.paodeacucar.com/produto/419698/suco-integral-uva-tinto-villa-piva-garrafa-300ml,300.0,216.0,50.0,0.6,0.0,0.0,0.6,35.0,0.0,2025-10-23 08:43:55,Não especificada,7898965716035,Villa Piva
Isotônico Limão Gatorade Garrafa 500ml,https://www.paodeacucar.com/produto/136870/isotonico-limao-gatorade-garrafa-500ml,200.0,48.0,12.0,0.0,0.0,0.0,0.0,0.0,90.0,2025-10-23 08:44:14,Não especificada,7892840808037,Gatorade
"Suco Uva Tinto Aliança Garrafa 1,5l","https://www.paodeacucar.com/produto/395811/suco-uva-tinto-alianca-garrafa-1,5l",200.0,112.0,30.0,0.0,0.0,0.0,0.0,28.0,0.0,2025-10-23 08:44:33,Não especificada,7896100501829,Aliança
"Suco Pera com Uva Qualitá Garrafa 1,5l","https://www.paodeacucar.com/produto/1629300/suco-pera-com-uva-qualita-garrafa-1,5l",200.0,100.0,25.0,0.6,0.0,0.0,0.0,24.0,0.0,2025-10-23 08:45:11,Não especificada,7895000533879,Qualitá
Suco Integral Laranja Juq Caixa 200ml,https://www.paodeacucar.com/produto/1630105/suco-integral-laranja-juq-caixa-200ml,200.0,82.0,9.6,1.4,0.0,0.0,0.0,8.8,0.0,2025-10-23 08:47:00,Não especificada,7898942775734,Juq
Suco Integral Uva Tinto Villa Piva Garrafa 1l,https://www.paodeacucar.com/produto/461592/suco-integral-uva-tinto-villa-piva-garrafa-1l,200.0,144.0,33.0,0.4,0.0,0.0,0.4,23.0,0.0,2025-10-23 08:47:18,Não especificada,7898965716097,Villa Piva
Suco Maçã Juq Caixa 200ml,https://www.paodeacucar.com/produto/1630100/suco-maca-juq-caixa-200ml,200.0,84.0,20.0,0.0,0.0,0.0,0.0,16.0,0.0,2025-10-23 08:47:37,Não especificada,7898942775864,Juq
Suco de Caju Integral Mitto Garrafa 1 Litro,https://www.paodeacucar.com/produto/452448/suco-de-caju-integral-mitto-garrafa-1-litro,200.0,94.0,24.0,0.0,0.0,0.0,0.6,0.0,0.0,2025-10-23 08:47:56,Não especificada,7898767020026,Mitto
Suco Integral Tangerina com Capim-Cidreira Villa Piva Garrafa 1l,https://www.paodeacucar.com/produto/461590/suco-integral-tangerina-com-capim-cidreira-villa-piva-garrafa-1l,200.0,107.0,20.0,1.3,2.0,0.0,1.3,17.0,10.0,2025-10-23 08:48:15,Não especificada,7898965716110,Villa Piva
"Suco Integral Maçã com Hibisco, Canela e Gengibre Villa Piva Garrafa 1l","https://www.paodeacucar.com/produto/461596/suco-integral-maca-com-hibisco,-canela-e-gengibre-villa-piva-garrafa-1l",200.0,111.0,25.0,0.2,0.0,0.0,0.4,22.0,3.0,2025-10-23 08:49:09,Não especificada,7898965716127,Villa Piva
Refresco Adoçado Uva Del Valle Kapo Caixa 200ml,https://www.paodeacucar.com/produto/140106/refresco-adocado-uva-del-valle-kapo-caixa-200ml,200.0,71.0,17.0,0.0,0.0,0.0,0.0,17.0,8.3,2025-10-23 08:49:28,Não especificada,7894900593709,del Valle Kapo
Refrigerante ANTARCTICA Soda Limonada Garrafa 600ml,https://www.paodeacucar.com/produto/26466/refrigerante-antarctica-soda-limonada-garrafa-600ml,200.0,92.0,23.0,0.0,0.0,0.0,0.0,0.0,11.0,2025-10-23 08:49:47,Não especificada,7891991002653,Antarctica
Suco Gaseificado Integral Uva Tinto Aurora Lata 269ml,https://www.paodeacucar.com/produto/1376490/suco-gaseificado-integral-uva-tinto-aurora-lata-269ml,200.0,128.0,32.0,0.0,0.0,0.0,0.0,0.0,0.0,2025-10-23 08:50:25,Não especificada,7891141035197,Aurora
Bebida Laranja Life Mix Caixa 1l,https://www.paodeacucar.com/produto/346268/bebida-laranja-life-mix-caixa-1l,200.0,40.0,10.0,0.7,0.0,0.0,3.8,6.8,13.0,2025-10-23 08:51:20,Não especificada,7898954360010,Life Mix
Suco de Uva Tinto Integral CASA MADEIRA Garrafa 1 Litro,https://www.paodeacucar.com/produto/327541/suco-de-uva-tinto-integral-casa-madeira-garrafa-1-litro,200.0,137.0,34.0,0.0,0.0,0.0,0.0,0.0,0.0,2025-10-23 08:51:39,Não especificada,7898070110841,Casa Madeira
Néctar Abacaxi e Maçã Qualitá Caixa 1l,https://www.paodeacucar.com/produto/1635067/nectar-abacaxi-e-maca-qualita-caixa-1l,200.0,86.0,22.0,0.0,0.0,0.0,0.0,22.0,0.0,2025-10-23 08:51:58,Não especificada,7895000535163,Qualitá
Suco de Cranberry com Morango JUXX 1 Litro,https://www.paodeacucar.com/produto/273071/suco-de-cranberry-com-morango-juxx-1-litro,200.0,104.0,26.0,0.0,0.0,0.0,0.0,0.0,30.0,2025-10-23 08:52:18,Não especificada,7898911931321,Juxx
Suco Gaseificado Maçã Qualitá Lata 350ml,https://www.paodeacucar.com/produto/1635265/suco-gaseificado-maca-qualita-lata-350ml,350.0,168.0,42.0,0.0,0.7,0.4,0.0,42.0,0.0,2025-10-23 08:52:37,Não especificada,7895000535736,Qualitá
Suco de Goiaba Integral MITTO 1 Litro,https://www.paodeacucar.com/produto/341817/suco-de-goiaba-integral-mitto-1-litro,200.0,84.0,20.0,0.6,0.0,0.0,4.0,0.0,0.0,2025-10-23 08:53:50,Não especificada,7898767020040,Mitto
Suco Maracujá e Maçã Natural One Ambiente Garrafa 900ml,https://www.paodeacucar.com/produto/1625567/suco-maracuja-e-maca-natural-one-ambiente-garrafa-900ml,200.0,64.0,16.0,0.0,0.0,0.0,0.0,16.0,0.0,2025-10-23 08:54:28,Não especificada,7899916915767,Natural One
Suco Integral Laranja Do Bem 200ml,https://www.paodeacucar.com/produto/1639391/suco-integral-laranja-do-bem-200ml,200.0,82.0,18.0,0.0,0.0,0.0,0.0,14.0,0.0,2025-10-23 08:54:47,Não especificada,7896005312445,do Bem
Suco Integral Uva Tinto com Hortelã Villa Piva Garrafa 300ml,https://www.paodeacucar.com/produto/461594/suco-integral-uva-tinto-com-hortela-villa-piva-garrafa-300ml,300.0,236.0,55.0,0.6,0.4,0.0,0.6,39.0,11.0,2025-10-23 08:55:43,Não especificada,7898965716134,Villa Piva
"Suco Integral Maçã com Hibisco, Canela e Gengibre Villa Piva Garrafa 300ml","https://www.paodeacucar.com/produto/461593/suco-integral-maca-com-hibisco,-canela-e-gengibre-villa-piva-garrafa-300ml",300.0,166.0,38.0,0.3,0.0,0.0,0.6,33.0,5.0,2025-10-23 08:56:58,Não especificada,7898965716158,Villa Piva
Suco Uva Do Bem 1l,https://www.paodeacucar.com/produto/1639394/suco-uva-do-bem-1l,200.0,102.0,25.0,0.0,0.0,0.0,0.0,22.0,0.0,2025-10-23 08:57:18,Não especificada,7896005312407,do Bem
Refrigerante Coca-Cola Lata 350ml,https://www.paodeacucar.com/produto/116609/refrigerante-coca-cola-lata-350ml,350.0,154.0,37.0,0.0,0.0,0.0,0.0,37.0,18.0,2025-10-23 08:57:37,Não especificada,7894900010015,Coca-Cola
Refrigerante Citrus Prata Garrafa 200ml,https://www.paodeacucar.com/produto/427796/refrigerante-citrus-prata-garrafa-200ml,200.0,96.0,24.0,0.0,0.0,0.0,0.0,0.0,30.0,2025-10-23 08:57:57,Não especificada,7897123886054,Prata
Whisky Escocês Blended Buchanans Deluxe Garrafa 1l,https://www.paodeacucar.com/produto/55496/whisky-escoces-blended-buchanans-deluxe-garrafa-1l,30.0,67.0,0.0,0.0,0.0,0.0,0.0,0.0,0.0,2025-10-23 08:59:10,Não especificada,50196364,Buchanans
Isotônico Laranja Gatorade Garrafa 500ml,https://www.paodeacucar.com/produto/136724/isotonico-laranja-gatorade-garrafa-500ml,200.0,48.0,12.0,0.0,0.0,0.0,0.0,0.0,90.0,2025-10-23 09:03:05,Não especificada,7892840808020,Gatorade
Baer-Mate 350ml - Mate com Gás e Cafeína Natural,https://www.paodeacucar.com/produto/460811/baer-mate-350ml---mate-com-gas-e-cafeina-natural,350.0,66.0,17.0,0.0,0.0,0.0,0.0,17.0,0.0,2025-10-23 09:03:25,Não especificada,7898965685041,Baer-Mate
Chá Mate com Gás Limão Leão Lata 290ml,https://www.paodeacucar.com/produto/462211/cha-mate-com-gas-limao-leao-lata-290ml,290.0,78.0,19.0,0.0,0.0,0.0,0.0,19.0,90.0,2025-10-23 09:04:04,Não especificada,7891098041647,Leão
Leite Pó Desnatado Molico Lata 280g,https://www.paodeacucar.com/produto/297584/leite-po-desnatado-molico-lata-280g,20.0,68.0,10.0,6.5,0.0,0.0,0.0,10.0,102.0,2025-10-23 09:04:24,Não especificada,7891000101506,Molico
Néctar Maracujá Del Valle Caixa 1l,https://www.paodeacucar.com/produto/55265/nectar-maracuja-del-valle-caixa-1l,200.0,84.0,20.0,0.0,0.0,0.0,0.0,20.0,7.4,2025-10-23 09:04:44,Não especificada,7898341430074,del Valle
Bebida Caju Natural One Ambiente Garrafa 900ml,https://www.paodeacucar.com/produto/505570/bebida-caju-natural-one-ambiente-garrafa-900ml,200.0,64.0,16.0,0.0,0.0,0.0,0.0,16.0,11.0,2025-10-23 09:06:58,Não especificada,7899916906437,Natural One
Chá Mate Limão Matte Leão Garrafa 450ml,https://www.paodeacucar.com/produto/423605/cha-mate-limao-matte-leao-garrafa-450ml,200.0,60.0,15.0,0.0,0.0,0.0,0.0,15.0,15.0,2025-10-23 09:08:30,Não especificada,7891098040749,Matte Leão
Chá Mate Orgânico Pêssego Poder da Terra Caixa 1l,https://www.paodeacucar.com/produto/444037/cha-mate-organico-pessego-poder-da-terra-caixa-1l,200.0,70.0,16.0,0.0,0.0,0.0,0.0,14.0,0.0,2025-10-23 09:12:10,Não especificada,7898954360393,Poder da Terra
Néctar Pêssego Del Valle Caixa 200ml,https://www.paodeacucar.com/produto/811047/nectar-pessego-del-valle-caixa-200ml,200.0,84.0,21.0,0.0,0.0,0.0,0.0,21.0,6.6,2025-10-23 09:12:29,Não especificada,7894900660425,del Valle
Chá Mate Hortelã Villa Piva Garrafa 300ml,https://www.paodeacucar.com/produto/459755/cha-mate-hortela-villa-piva-garrafa-300ml,300.0,106.0,27.0,0.7,0.0,0.0,2.5,24.0,7.0,2025-10-23 09:12:48,Não especificada,7898965716196,Villa Piva
"Chá Verde Hibisco, Cavalinha e Dente-de-Leão Villa Piva Garrafa 300ml","https://www.paodeacucar.com/produto/459758/cha-verde-hibisco,-cavalinha-e-dente-de-leao-villa-piva-garrafa-300ml",300.0,109.0,27.0,1.0,0.0,0.0,2.7,22.0,7.0,2025-10-23 09:14:40,Não especificada,7898965716219,Villa Piva
Chá Mate Limão Do Bem 1l,https://www.paodeacucar.com/produto/1639388/cha-mate-limao-do-bem-1l,200.0,57.0,14.0,0.0,0.0,0.0,0.0,14.0,0.0,2025-10-23 09:15:24,Não especificada,7896005312544,do Bem
Energético Monster Ultra Lata 473ml,https://www.paodeacucar.com/produto/353253/energetico-monster-ultra-lata-473ml,200.0,8.0,2.7,0.0,0.0,0.0,0.0,0.0,152.0,2025-10-23 09:16:39,Não especificada,70847022206,Monster
Energético Zero Açúcar Monster Lata 473ml,https://www.paodeacucar.com/produto/1623422/energetico-zero-acucar-monster-lata-473ml,200.0,6.0,2.8,0.0,0.0,0.0,0.0,0.0,0.0,2025-10-23 09:18:11,Não especificada,7898938890076,Monster
Refrigerante Guaraná ANTARCTICA Garrafa 2L,https://www.paodeacucar.com/produto/44656/refrigerante-guarana-antarctica-garrafa-2l,200.0,80.0,20.0,0.0,0.0,0.0,0.0,0.0,11.0,2025-10-23 09:20:18,Não especificada,7891991001342,Antarctica
Água de Coco Integral Sococo Caixa 1l,https://www.paodeacucar.com/produto/37886/agua-de-coco-integral-sococo-caixa-1l,200.0,44.0,11.0,0.0,0.0,0.0,0.0,0.0,25.0,2025-10-23 09:20:55,Não especificada,7896004401409,Sococo
Refresco Adoçado Laranja Del Valle Kapo Caixa 200ml,https://www.paodeacucar.com/produto/169113/refresco-adocado-laranja-del-valle-kapo-caixa-200ml,200.0,69.0,17.0,0.0,0.0,0.0,0.0,17.0,8.2,2025-10-23 09:21:50,Não especificada,7894900563702,del Valle Kapo
Suco Uva Del Valle Caixa 1l,https://www.paodeacucar.com/produto/321063/suco-uva-del-valle-caixa-1l,200.0,115.0,29.0,0.0,0.0,0.0,2.5,29.0,6.2,2025-10-23 09:22:09,Não especificada,7894900611014,del Valle
Energético Red Bull Sem Açúcar 250ml,https://www.paodeacucar.com/produto/155636/energetico-red-bull-sem-acucar-250ml,250.0,6.7,0.0,0.0,0.0,0.0,0.0,0.0,104.0,2025-10-23 09:22:28,Não especificada,611269101713,Red Bull
Refresco Adoçado Morango Del Valle Kapo Caixa 200ml,https://www.paodeacucar.com/produto/66453/refresco-adocado-morango-del-valle-kapo-caixa-200ml,200.0,68.0,17.0,0.0,0.0,0.0,0.0,17.0,7.3,2025-10-23 09:24:17,Não especificada,7894900583700,del Valle Kapo
Suco Concentrado Maracujá Maguary Garrafa 500ml,https://www.paodeacucar.com/produto/114515/suco-concentrado-maracuja-maguary-garrafa-500ml,20.0,5.0,1.2,0.0,0.0,0.0,0.0,1.2,0.0,2025-10-23 09:25:13,Não especificada,7896000555359,Maguary
Kit Refrigerante Coca-Cola Original + Laranja Fanta 2l Cada,https://www.paodeacucar.com/produto/470926/kit-refrigerante-coca-cola-original-+-laranja-fanta-2l-cada,200.0,59.0,15.0,0.0,0.0,0.0,0.0,15.0,10.0,2025-10-23 09:28:15,Não especificada,7894900027327,Coca-Cola
Água de Coco TAEQ 200ml,https://www.paodeacucar.com/produto/79335/agua-de-coco-taeq-200ml,200.0,44.0,11.0,0.0,0.0,0.0,0.0,0.0,24.0,2025-10-23 09:28:52,Não especificada,7895000292028,Taeq
Refresco Adoçado Abacaxi Del Valle Kapo Caixa 200ml,https://www.paodeacucar.com/produto/169950/refresco-adocado-abacaxi-del-valle-kapo-caixa-200ml,200.0,69.0,17.0,0.0,0.0,0.0,0.0,17.0,8.2,2025-10-23 09:29:47,Não especificada,7894900603705,del Valle Kapo
Refresco Adoçado Abacaxi Maguary Caixa 1l,https://www.paodeacucar.com/produto/1631360/refresco-adocado-abacaxi-maguary-caixa-1l,200.0,52.0,13.0,0.0,0.0,0.0,0.0,13.0,0.0,2025-10-23 09:30:24,Não especificada,7896005404133,Maguary
Néctar Laranja Del Valle Caixa 200ml,https://www.paodeacucar.com/produto/1100451/nectar-laranja-del-valle-caixa-200ml,200.0,84.0,21.0,0.0,0.0,0.0,0.0,21.0,6.2,2025-10-23 09:33:06,Não especificada,7894900660418,del Valle
Néctar Goiaba Del Valle Caixa 1l,https://www.paodeacucar.com/produto/1627775/nectar-goiaba-del-valle-caixa-1l,200.0,28.0,6.6,0.0,0.0,0.0,4.3,2.2,0.0,2025-10-23 09:33:26,Não especificada,7894900660555,del Valle
Refresco Adoçado Laranja Maguary Caixa 1l,https://www.paodeacucar.com/produto/1631358/refresco-adocado-laranja-maguary-caixa-1l,200.0,26.0,6.6,0.0,0.0,0.0,0.0,6.6,7.9,2025-10-23 09:33:46,Não especificada,7896005404072,Maguary
Suco Integral Maçã Taeq Garrafa 1l,https://www.paodeacucar.com/produto/1386746/suco-integral-maca-taeq-garrafa-1l,200.0,108.0,27.0,0.0,0.0,0.0,0.0,27.0,0.0,2025-10-23 09:35:17,Não especificada,7895000521555,Taeq
Refresco Adoçado Goiaba Maguary Caixa 1L,https://www.paodeacucar.com/produto/1635994/refresco-adocado-goiaba-maguary-caixa-1l,200.0,76.0,19.0,0.0,0.0,0.0,0.0,19.0,24.0,2025-10-23 09:38:54,Não especificada,7896005404201,Maguary
Suco de Cranberry JUXX 1 Litro,https://www.paodeacucar.com/produto/154062/suco-de-cranberry-juxx-1-litro,200.0,104.0,26.0,0.0,0.0,0.0,0.0,0.0,30.0,2025-10-23 09:39:31,Não especificada,7898911931116,Juxx
Bebida Maçã-Verde Zero Açúcar Yaí Caixa 1l,https://www.paodeacucar.com/produto/1209604/bebida-maca-verde-zero-acucar-yai-caixa-1l,200.0,6.0,1.5,0.0,0.0,0.0,0.0,0.0,0.0,2025-10-23 09:39:50,Não especificada,7898651400316,Yaí
Refresco Cranberry com Morango Yaí Caixa 1l,https://www.paodeacucar.com/produto/1627276/refresco-cranberry-com-morango-yai-caixa-1l,200.0,13.0,3.3,0.0,0.0,0.0,0.0,3.3,16.0,2025-10-23 09:40:09,Não especificada,7898651400750,Yaí
Néctar de Maracujá Qualitá Caixa 1l,https://www.paodeacucar.com/produto/65306/nectar-de-maracuja-qualita-caixa-1l,200.0,104.0,26.0,0.0,0.0,0.0,1.7,0.0,0.0,2025-10-23 09:41:04,Não especificada,7895000321292,Qualitá
Refrigerante Guaraná Antarctica Garrafa 600ml,https://www.paodeacucar.com/produto/26310/refrigerante-guarana-antarctica-garrafa-600ml,200.0,4.0,20.0,0.0,0.0,0.0,0.0,0.0,11.0,2025-10-23 09:42:52,Não especificada,7891991002646,Guaraná Antarctica
Suco Tangerina Xandô Garrafa 900ml,https://www.paodeacucar.com/produto/1591040/suco-tangerina-xando-garrafa-900ml,200.0,80.0,19.0,1.0,0.0,0.0,0.0,18.0,6.0,2025-10-23 09:43:11,Não especificada,7896623100868,Xandô
Água Tônica Schweppes Lata 350ml,https://www.paodeacucar.com/produto/14598/agua-tonica-schweppes-lata-350ml,350.0,124.0,31.0,0.0,0.0,0.0,0.0,31.0,22.0,2025-10-23 09:43:30,Não especificada,7894900300017,Schweppes
Refrigerante Coca-Cola Lata 310ml,https://www.paodeacucar.com/produto/355907/refrigerante-coca-cola-lata-310ml,310.0,136.0,33.0,0.0,0.0,0.0,0.0,33.0,16.0,2025-10-23 09:43:49,Não especificada,7894900011159,Coca-Cola
Refresco Adoçado Laranja Maguary Caixa 200ml,https://www.paodeacucar.com/produto/1636017/refresco-adocado-laranja-maguary-caixa-200ml,200.0,26.0,6.6,0.0,0.0,0.0,0.0,6.6,7.9,2025-10-23 09:44:43,Não especificada,7896005404126,Maguary
Refresco em Pó Limonada Zero Açúcar Clight Pacote 8g,https://www.paodeacucar.com/produto/383886/refresco-em-po-limonada-zero-acucar-clight-pacote-8g,0.0,5.0,0.0,0.0,0.0,0.0,0.0,0.0,32.0,2025-10-23 09:45:55,Não especificada,7622210696328,Clight
Energético Monster Lata 473ml,https://www.paodeacucar.com/produto/11178/energetico-monster-lata-473ml,200.0,93.0,23.0,0.0,0.0,0.0,0.0,23.0,155.0,2025-10-23 09:50:48,Não especificada,70847022015,Monster
Bebida Adoçada Morango Maguary Caixa 1l,https://www.paodeacucar.com/produto/292234/bebida-adocada-morango-maguary-caixa-1l,200.0,92.0,23.0,0.0,0.0,0.0,0.0,0.0,0.0,2025-10-23 09:51:26,Não especificada,7896000594198,Maguary
Isotônico Uva Gatorade Garrafa 500ml,https://www.paodeacucar.com/produto/138244/isotonico-uva-gatorade-garrafa-500ml,200.0,48.0,12.0,0.0,0.0,0.0,0.0,0.0,90.0,2025-10-23 09:52:03,Não especificada,7892840808051,Gatorade
Refresco em Pó Maracujá Zero Açúcar Clight Pacote 8g,https://www.paodeacucar.com/produto/384528/refresco-em-po-maracuja-zero-acucar-clight-pacote-8g,0.0,5.0,0.0,0.0,0.0,0.0,0.0,0.0,33.0,2025-10-23 09:52:40,Não especificada,7622210696595,Clight
Xarope Groselha Tropical Garrafa 1l,https://www.paodeacucar.com/produto/43631/xarope-groselha-tropical-garrafa-1l,20.0,65.0,16.0,0.0,0.0,0.0,0.0,0.0,5.0,2025-10-23 09:54:24,Não especificada,7896087700208,Tropical
Bebida Gaseificada Zero Álcool Aurora Garrafa 750ml,https://www.paodeacucar.com/produto/595524/bebida-gaseificada-zero-alcool-aurora-garrafa-750ml,200.0,86.0,21.0,0.0,0.0,0.0,0.0,0.0,0.0,2025-10-23 09:55:38,Não especificada,7891141033254,Aurora
Água Tônica Rosé Frutas Vermelhas Schweppes Lata 220ml,https://www.paodeacucar.com/produto/1613308/agua-tonica-rose-frutas-vermelhas-schweppes-lata-220ml,220.0,40.0,9.4,0.0,0.0,0.0,0.0,9.4,14.0,2025-10-23 09:56:35,Não especificada,7894900184600,Schweppes
Refrigerante 3 Limões Zero Açúcar 51 Ice Garrafa 275ml,https://www.paodeacucar.com/produto/1631262/refrigerante-3-limoes-zero-acucar-51-ice-garrafa-275ml,200.0,38.0,0.0,0.0,0.0,0.0,0.0,0.0,34.0,2025-10-23 09:57:34,Não especificada,7896002111973,51 Ice
Refresco em Pó Uva Mid Pacote 20g,https://www.paodeacucar.com/produto/478051/refresco-em-po-uva-mid-pacote-20g,4.0,15.0,3.4,0.0,0.0,0.0,0.0,3.3,6.7,2025-10-23 09:57:53,Não especificada,7891132082346,Mid
Néctar Manga e Maçã Qualitá Caixa 200ml,https://www.paodeacucar.com/produto/1616484/nectar-manga-e-maca-qualita-caixa-200ml,200.0,85.0,21.0,0.0,0.0,0.0,0.0,21.0,0.0,2025-10-23 09:58:47,Não especificada,7895000528141,Qualitá
Energético Juice Monster Mango Loco Lata 473ml,https://www.paodeacucar.com/produto/452790/energetico-juice-monster-mango-loco-lata-473ml,250.0,104.0,24.8,0.0,0.0,0.0,0.0,0.0,28.0,2025-10-23 09:59:41,Não especificada,70847033301,Monster
Energético Red Bull Tropical Edition 250ml,https://www.paodeacucar.com/produto/329773/energetico-red-bull-tropical-edition-250ml,250.0,116.0,28.0,0.0,0.0,0.0,0.0,0.0,141.0,2025-10-23 10:00:54,Não especificada,9002490229160,Red Bull
Refresco Adoçado Maracujá Del Valle Kapo Caixa 200ml,https://www.paodeacucar.com/produto/171066/refresco-adocado-maracuja-del-valle-kapo-caixa-200ml,200.0,70.0,17.0,0.0,0.0,0.0,0.0,17.0,8.2,2025-10-23 10:03:18,Não especificada,7894900573701,del Valle Kapo
Refresco em Pó Laranja Zero Açúcar Clight Pacote 8g,https://www.paodeacucar.com/produto/384522/refresco-em-po-laranja-zero-acucar-clight-pacote-8g,0.0,5.0,0.0,0.0,0.0,0.0,0.0,0.0,32.0,2025-10-23 10:03:55,Não especificada,7622210696632,Clight
Licor AMARETTO DELL ORSO Garrafa 700ml,https://www.paodeacucar.com/produto/134194/licor-amaretto-dell-orso-garrafa-700ml,50.0,0.0,26.0,0.0,0.0,0.0,0.0,15.0,0.0,2025-10-23 10:04:14,Não especificada,78901612,Stock
Bebida Rosé Gaseificada Zero Álcool Aurora Garrafa 750ml,https://www.paodeacucar.com/produto/1634217/bebida-rose-gaseificada-zero-alcool-aurora-garrafa-750ml,0.0,86.0,21.0,0.0,0.0,0.0,0.0,20.0,0.0,2025-10-23 10:05:49,Não especificada,7891141037856,Aurora
Néctar Pêssego e Maçã Qualitá Caixa 200ml,https://www.paodeacucar.com/produto/1616125/nectar-pessego-e-maca-qualita-caixa-200ml,200.0,56.0,14.0,0.0,0.0,0.0,0.0,14.0,0.0,2025-10-23 10:07:11,Não especificada,7895000528172,Qualitá
Refrigerante Guaraná Fanta Garrafa 2l,https://www.paodeacucar.com/produto/385839/refrigerante-guarana-fanta-garrafa-2l,200.0,81.0,21.0,0.0,0.0,0.0,0.0,21.0,16.0,2025-10-23 10:21:13,Não especificada,7894900093056,Fanta
Isotônico GATORADE Morango com Maracujá Garrafa 500ML,https://www.paodeacucar.com/produto/137138/isotonico-gatorade-morango-com-maracuja-garrafa-500ml,200.0,48.0,12.0,0.0,0.0,0.0,0.0,0.0,90.0,2025-10-23 10:21:33,Não especificada,7892840808174,Gatorade
Refrigerante Citrus Schweppes Lata 350ml,https://www.paodeacucar.com/produto/2282/refrigerante-citrus-schweppes-lata-350ml,350.0,13.0,1.9,0.0,0.0,0.0,0.0,1.9,87.0,2025-10-23 10:24:54,Não especificada,7894900320015,Schweppes
"Suco Integral Uva Branco Aurora Caixa 1,5l","https://www.paodeacucar.com/produto/1449647/suco-integral-uva-branco-aurora-caixa-1,5l",200.0,121.0,30.0,0.0,0.0,0.0,0.0,30.0,0.0,2025-10-23 10:27:01,Não especificada,7891141036194,Aurora
Refrigerante Tutti Frutti Itubaína Original Garrafa 500ml,https://www.paodeacucar.com/produto/409270/refrigerante-tutti-frutti-itubaina-original-garrafa-500ml,200.0,81.0,20.0,0.0,0.0,0.0,0.0,0.0,12.0,2025-10-23 10:27:37,Não especificada,7896052606191,Itubaína
"Chá Verde Hibisco, Cavalinha e Dente-de-Leão Villa Piva Garrafa 1l","https://www.paodeacucar.com/produto/459757/cha-verde-hibisco,-cavalinha-e-dente-de-leao-villa-piva-garrafa-1l",200.0,73.0,18.0,0.7,0.0,0.0,1.8,15.0,5.0,2025-10-23 10:27:57,Não especificada,7898965716189,Villa Piva
Energético Ultra Watermelon Zero Açúcar Monster Lata 473ml,https://www.paodeacucar.com/produto/1564962/energetico-ultra-watermelon-zero-acucar-monster-lata-473ml,200.0,4.4,0.0,0.0,0.0,0.0,0.0,0.0,0.0,2025-10-23 10:35:30,Não especificada,1220000250222,Monster
Suco Concentrado MAGUARY de Caju Garrafa 500ml,https://www.paodeacucar.com/produto/117006/suco-concentrado-maguary-de-caju-garrafa-500ml,29.0,7.0,1.6,0.0,0.0,0.0,0.0,1.5,4.5,2025-10-23 10:35:50,Não especificada,7896000554369,Maguary
Refresco Adoçado Maçã Del Valle Kapo Caixa 200ml,https://www.paodeacucar.com/produto/462115/refresco-adocado-maca-del-valle-kapo-caixa-200ml,200.0,78.0,19.0,0.0,0.0,0.0,0.0,17.0,7.2,2025-10-23 10:37:39,Não especificada,7894900650013,del Valle Kapo
Refresco em Pó Morango Zero Açúcar Clight Pacote 8g,https://www.paodeacucar.com/produto/383885/refresco-em-po-morango-zero-acucar-clight-pacote-8g,0.0,5.0,0.0,0.0,0.0,0.0,0.0,0.0,42.0,2025-10-23 10:40:05,Não especificada,7622210696441,Clight
Energético Red Bull Melancia Edition 250ml,https://www.paodeacucar.com/produto/475411/energetico-red-bull-melancia-edition-250ml,250.0,112.0,27.0,0.0,0.0,0.0,0.0,0.0,88.0,2025-10-23 10:41:00,Não especificada,9002490247379,Red Bull
Refrigerante Laranja Fanta Lata 220ml,https://www.paodeacucar.com/produto/361292/refrigerante-laranja-fanta-lata-220ml,220.0,88.0,22.0,0.0,0.0,0.0,0.0,22.0,26.0,2025-10-23 10:41:38,Não especificada,7894900030396,Fanta
Refrigerante Limão Sprite Lata 220ml,https://www.paodeacucar.com/produto/446693/refrigerante-limao-sprite-lata-220ml,220.0,89.0,22.0,0.0,0.0,0.0,0.0,22.0,17.0,2025-10-23 10:42:15,Não especificada,7894900681178,Sprite
Energético Red Bull Morango e Pêssego Edition 250ml,https://www.paodeacucar.com/produto/1440309/energetico-red-bull-morango-e-pessego-edition-250ml,250.0,111.0,27.0,0.0,0.0,0.0,0.0,27.0,88.0,2025-10-23 10:43:11,Não especificada,9002490258825,Red Bull
Refrigerante Tutti Frutti Itubaína Original Garrafa 355ml,https://www.paodeacucar.com/produto/66792/refrigerante-tutti-frutti-itubaina-original-garrafa-355ml,200.0,81.0,20.0,0.0,0.0,0.0,0.0,0.0,12.0,2025-10-23 10:44:10,Não especificada,7896052603497,Itubaína
"Refresco Adoçado Uva Del Valle Frut Garrafa 1,5l","https://www.paodeacucar.com/produto/306341/refresco-adocado-uva-del-valle-frut-garrafa-1,5l",200.0,34.0,8.0,0.0,0.0,0.0,0.0,8.0,63.0,2025-10-23 10:44:29,Não especificada,7894900550061,del Valle Frut
Refresco Adoçado Uva Maguary,https://www.paodeacucar.com/produto/1636314/refresco-adocado-uva-maguary,200.0,30.0,7.6,0.0,0.0,0.0,0.0,7.6,0.0,2025-10-23 10:45:06,Não especificada,7896005404195,Maguary
Energético Diet Monster Absolutely Zero Lata 473ml,https://www.paodeacucar.com/produto/451838/energetico-diet-monster-absolutely-zero-lata-473ml,250.0,8.0,1.0,0.0,0.0,0.0,0.0,0.0,100.0,2025-10-23 10:45:44,Não especificada,70847022305,Monster
Refrigerante Guaraná Fanta Lata 350ml,https://www.paodeacucar.com/produto/385838/refrigerante-guarana-fanta-lata-350ml,350.0,141.0,36.0,0.0,0.0,0.0,0.0,36.0,27.0,2025-10-23 10:46:40,Não especificada,7894900093001,Fanta
Vinho Tinto Brasileiro Goes Lotes De Colecao Touriga Nacional 750ml,https://www.paodeacucar.com/produto/1628220/vinho-tinto-brasileiro-goes-lotes-de-colecao-touriga-nacional-750ml,269.0,151.0,38.0,0.0,0.0,0.0,0.0,28.0,0.0,2025-10-23 10:48:39,Não especificada,7896266190790,Lotes de Coleção
"Refresco Adoçado Laranja Del Valle Frut Garrafa 1,5l","https://www.paodeacucar.com/produto/306340/refresco-adocado-laranja-del-valle-frut-garrafa-1,5l",200.0,38.0,8.8,0.0,0.0,0.0,0.0,8.7,66.0,2025-10-23 10:51:59,Não especificada,7894900556063,del Valle Frut
Energético Red Bull Energy Drink 250ml,https://www.paodeacucar.com/produto/150403/energetico-red-bull-energy-drink-250ml,250.0,114.0,27.0,0.0,0.0,0.0,0.0,0.0,103.0,2025-10-23 10:56:35,Não especificada,611269991000,Red Bull
Refrigerante PEPSI Lata 350ml,https://www.paodeacucar.com/produto/150328/refrigerante-pepsi-lata-350ml,200.0,94.0,23.0,0.0,0.0,0.0,0.0,0.0,23.0,2025-10-23 10:58:25,Não especificada,7892840800079,Pepsi
Refresco em Pó Uva Tang Pacote 18g,https://www.paodeacucar.com/produto/1433068/refresco-em-po-uva-tang-pacote-18g,0.0,12.0,2.4,0.0,0.0,0.0,0.0,2.2,20.0,2025-10-23 10:58:44,Não especificada,7622210571786,Tang
Néctar Laranja e Maçã Qualitá Caixa 1l,https://www.paodeacucar.com/produto/1616128/nectar-laranja-e-maca-qualita-caixa-1l,200.0,84.0,21.0,0.0,0.0,0.0,0.0,21.0,0.0,2025-10-23 10:59:21,Não especificada,7895000528097,Qualitá
Suco Pink Lemonade Natural One Refrigerado Garrafa 300ml,https://www.paodeacucar.com/produto/1626215/suco-pink-lemonade-natural-one-refrigerado-garrafa-300ml,300.0,124.0,31.0,0.0,0.0,0.0,0.0,29.0,14.0,2025-10-23 10:59:41,Não especificada,7899916916917,Natural One
Refresco Adoçado Frutas Cítricas Del Valle Kapo Caixa 200ml,https://www.paodeacucar.com/produto/462213/refresco-adocado-frutas-citricas-del-valle-kapo-caixa-200ml,200.0,69.0,17.0,0.0,0.0,0.0,0.0,17.0,8.2,2025-10-23 11:00:18,Não especificada,7894900650006,del Valle Kapo
Refrigerante Orgânico WEWI Zero Guaraná Garrafa 255ml,https://www.paodeacucar.com/produto/412861/refrigerante-organico-wewi-zero-guarana-garrafa-255ml,255.0,7.0,0.0,0.0,0.0,0.0,0.0,0.0,0.0,2025-10-23 11:01:11,Não especificada,7898950338402,Wewi
Refresco em Pó Laranja Docinha Tang Pacote 18g,https://www.paodeacucar.com/produto/1433064/refresco-em-po-laranja-docinha-tang-pacote-18g,0.0,12.0,2.4,0.0,0.0,0.0,0.0,2.1,30.0,2025-10-23 11:01:48,Não especificada,7622210571571,Tang
Refresco em Pó Limão Tang Pacote 18g,https://www.paodeacucar.com/produto/1433060/refresco-em-po-limao-tang-pacote-18g,0.0,12.0,2.1,0.0,0.0,0.0,0.0,2.0,20.0,2025-10-23 11:02:15,Não especificada,7622210571540,Tang
Refrigerante Orgânico Lemon Sour Zero Sódio Wewi Premium Garrafa 255ml,https://www.paodeacucar.com/produto/412868/refrigerante-organico-lemon-sour-zero-sodio-wewi-premium-garrafa-255ml,255.0,97.0,0.0,0.0,0.0,0.0,0.0,0.0,0.0,2025-10-23 11:03:20,Não especificada,7898950338471,Wewi
Refrigerante Orgânico WEWI Guaraná Garrafa 255ml,https://www.paodeacucar.com/produto/413083/refrigerante-organico-wewi-guarana-garrafa-255ml,255.0,93.0,0.0,0.0,0.0,0.0,0.0,0.0,0.0,2025-10-23 11:03:56,Não especificada,7898950338396,Wewi
Bebida Adoçada Uva Del Valle Frut Garrafa 1l,https://www.paodeacucar.com/produto/421804/bebida-adocada-uva-del-valle-frut-garrafa-1l,200.0,34.0,8.0,0.0,0.0,0.0,0.0,8.0,63.0,2025-10-23 11:04:15,Não especificada,7894900550030,del Valle Frut
Refrigerante Orgânico Guaraná Zero Sódio Wewi Lata 350ml,https://www.paodeacucar.com/produto/380387/refrigerante-organico-guarana-zero-sodio-wewi-lata-350ml,350.0,127.0,0.0,0.0,0.0,0.0,0.0,0.0,0.0,2025-10-23 11:04:35,Não especificada,7898950338020,Wewi
Energético Red Bull Energy Drink Zero 250ml,https://www.paodeacucar.com/produto/1637666/energetico-red-bull-energy-drink-zero-250ml,250.0,3.0,5.0,0.0,0.0,0.0,0.0,0.0,23.0,2025-10-23 11:04:54,Não especificada,9002490283063,Red Bull
Refresco em Pó Limão Mid Pacote 20g,https://www.paodeacucar.com/produto/478049/refresco-em-po-limao-mid-pacote-20g,4.0,14.0,3.0,0.0,0.0,0.0,0.0,2.8,6.1,2025-10-23 11:07:12,Não especificada,7891132082223,Mid
Bebida Adoçada Pink Lemonade Villa Piva Garrafa 1l,https://www.paodeacucar.com/produto/789443/bebida-adocada-pink-lemonade-villa-piva-garrafa-1l,200.0,92.0,0.0,0.0,0.0,0.0,0.0,0.0,0.0,2025-10-23 11:07:31,Não especificada,7898965716301,Villa Piva
Suco Integral Laranja Xandô Garrafa 300ml,https://www.paodeacucar.com/produto/168387/suco-integral-laranja-xando-garrafa-300ml,200.0,82.0,18.0,1.2,0.0,0.0,0.0,15.0,6.0,2025-10-23 11:08:44,Não especificada,7896623100042,Xandô
Refrigerante Orgânico WEWI Laranja Garrafa 255ml,https://www.paodeacucar.com/produto/412860/refrigerante-organico-wewi-laranja-garrafa-255ml,255.0,111.0,0.0,0.0,0.0,0.0,0.0,0.0,0.0,2025-10-23 11:09:02,Não especificada,7898950338419,Wewi
Refrigerante PEPSI Garrafa 2L,https://www.paodeacucar.com/produto/149709/refrigerante-pepsi-garrafa-2l,200.0,94.0,23.0,0.0,0.0,0.0,0.0,0.0,23.0,2025-10-23 11:09:21,Não especificada,7892840800000,Pepsi
Refresco em Pó Maracujá Tang Pacote 18g,https://www.paodeacucar.com/produto/1433061/refresco-em-po-maracuja-tang-pacote-18g,0.0,12.0,2.4,0.0,0.0,0.0,0.0,2.2,20.0,2025-10-23 11:10:45,Não especificada,7622210571694,Tang
Refresco em Pó Abacaxi Tang Pacote 18g,https://www.paodeacucar.com/produto/1433062/refresco-em-po-abacaxi-tang-pacote-18g,0.0,13.0,2.6,0.0,0.0,0.0,0.0,2.4,22.0,2025-10-23 11:12:14,Não especificada,7622210571755,Tang
Refrigerante Coca-Cola Café Expresso LATA 220ML,https://www.paodeacucar.com/produto/421604/refrigerante-coca-cola-cafe-expresso-lata-220ml,220.0,44.0,11.0,0.0,0.0,0.0,0.0,11.0,18.0,2025-10-23 11:14:21,Não especificada,7894900025019,Coca-Cola
Refresco em Pó Abacaxi Mid Pacote 20g,https://www.paodeacucar.com/produto/480510/refresco-em-po-abacaxi-mid-pacote-20g,4.0,15.0,3.6,0.0,0.0,0.0,0.0,3.4,9.2,2025-10-23 11:15:16,Não especificada,7891132082407,Mid
Refresco em Pó Laranja Mid Pacote 20g,https://www.paodeacucar.com/produto/478045/refresco-em-po-laranja-mid-pacote-20g,4.0,14.0,3.1,0.0,0.0,0.0,0.0,3.0,7.9,2025-10-23 11:15:53,Não especificada,7891132082322,Mid
Suco Adoçado Limonada Siciliana Xandô Garrafa 900ml,https://www.paodeacucar.com/produto/1245489/suco-adocado-limonada-siciliana-xando-garrafa-900ml,200.0,95.0,23.0,0.0,0.0,0.0,0.0,22.0,34.0,2025-10-23 11:16:12,Não especificada,7896623100622,Xandô
Refresco em Pó Laranja Tang Pacote 18g,https://www.paodeacucar.com/produto/1433063/refresco-em-po-laranja-tang-pacote-18g,0.0,12.0,2.0,0.0,0.0,0.0,0.0,1.9,28.0,2025-10-23 11:17:45,Não especificada,7622210571601,Tang
Suco Goiaba Xandô Garrafa 900ml,https://www.paodeacucar.com/produto/1625245/suco-goiaba-xando-garrafa-900ml,200.0,82.0,0.0,0.0,0.0,0.0,0.0,0.0,0.0,2025-10-23 11:21:30,Não especificada,7896623100882,Xandô
Refresco em Pó Azul Espacial Tang Pacote 18g,https://www.paodeacucar.com/produto/1637460/refresco-em-po-azul-espacial-tang-pacote-18g,0.0,12.0,2.3,0.0,0.0,0.0,0.0,2.3,6.4,2025-10-23 11:21:51,Não especificada,7622202347535,Tang
Água de Coco Integral Sococo Caixa 200ml,https://www.paodeacucar.com/produto/170669/agua-de-coco-integral-sococo-caixa-200ml,200.0,44.0,11.0,0.0,0.0,0.0,0.0,0.0,25.0,2025-10-23 11:22:28,Não especificada,7896004400358,Sococo
Refresco em Pó Morango Tang Pacote 18g,https://www.paodeacucar.com/produto/1433072/refresco-em-po-morango-tang-pacote-18g,0.0,12.0,2.3,0.0,0.0,0.0,0.0,2.0,40.0,2025-10-23 11:22:47,Não especificada,7622210571724,Tang
Isotônico Mix de Frutas Powerade Garrafa 500ml,https://www.paodeacucar.com/produto/164713/isotonico-mix-de-frutas-powerade-garrafa-500ml,200.0,45.0,11.0,0.0,0.0,0.0,0.0,0.0,90.0,2025-10-23 11:23:06,Não especificada,7894900504002,Powerade
Refresco em Pó Guananá Tang Pacote 18g,https://www.paodeacucar.com/produto/1433069/refresco-em-po-guanana-tang-pacote-18g,0.0,13.0,2.7,0.0,0.0,0.0,0.0,2.7,25.0,2025-10-23 11:24:29,Não especificada,7622210571816,Tang
Energético Juice Tropical Orange Monster Khaotic Lata 473ml,https://www.paodeacucar.com/produto/1599366/energetico-juice-tropical-orange-monster-khaotic-lata-473ml,200.0,60.0,15.0,0.0,0.0,0.0,0.0,14.0,68.0,2025-10-23 11:25:42,Não especificada,1220000250147,Monster
Refresco em Pó Manga Tang Pacote 18g,https://www.paodeacucar.com/produto/1433066/refresco-em-po-manga-tang-pacote-18g,0.0,12.0,2.6,0.0,0.0,0.0,0.0,2.3,35.0,2025-10-23 11:27:44,Não especificada,7622210571526,Tang
Energético Ultra Peachy Keen Zero Açúcar Monster Lata 473ml,https://www.paodeacucar.com/produto/1627856/energetico-ultra-peachy-keen-zero-acucar-monster-lata-473ml,200.0,6.0,1.6,0.0,0.0,0.0,0.0,0.0,112.0,2025-10-23 11:28:57,Não especificada,7898938890090,Monster
Refresco em Pó Laranja e Mamão Tang Pacote 18g,https://www.paodeacucar.com/produto/1433071/refresco-em-po-laranja-e-mamao-tang-pacote-18g,0.0,12.0,2.5,0.0,0.0,0.0,0.0,2.2,29.0,2025-10-23 11:29:15,Não especificada,7622210571847,Tang
"Suco Integral Laranja Taeq Refrigerado Garrafa 1,3l","https://www.paodeacucar.com/produto/1636316/suco-integral-laranja-taeq-refrigerado-garrafa-1,3l",200.0,83.0,19.0,1.7,0.0,0.0,0.0,16.0,0.0,2025-10-23 11:29:34,Não especificada,7895000535880,Taeq
Energético Lemon Monster Dragon Ice Tea Lata 473ml,https://www.paodeacucar.com/produto/467622/energetico-lemon-monster-dragon-ice-tea-lata-473ml,200.0,16.0,4.1,0.0,0.0,0.0,0.0,2.5,96.0,2025-10-23 11:30:27,Não especificada,70847034803,Monster
Refresco em Pó Uva Intensa Tang Pacote 18g,https://www.paodeacucar.com/produto/1433070/refresco-em-po-uva-intensa-tang-pacote-18g,0.0,12.0,2.2,0.0,0.0,0.0,0.0,2.0,31.0,2025-10-23 11:31:25,Não especificada,7622210571663,Tang
Xarope Piña Colada Mix Monin Expérience Garrafa 330ml,https://www.paodeacucar.com/produto/1626985/xarope-pina-colada-mix-monin-experience-garrafa-330ml,20.0,65.0,16.0,0.0,0.0,0.0,0.0,16.0,0.0,2025-10-23 11:33:11,Não especificada,3052911593314,Monin
Água Tônica Antarctica Lata 350ml,https://www.paodeacucar.com/produto/70947/agua-tonica-antarctica-lata-350ml,350.0,73.0,17.0,0.0,0.0,0.0,0.0,17.0,24.0,2025-10-23 11:35:00,Não especificada,7891991000840,Antarctica
Suco Uva Xandô Garrafa 300ml,https://www.paodeacucar.com/produto/459781/suco-uva-xando-garrafa-300ml,200.0,121.0,28.0,1.0,0.0,0.0,0.0,27.0,43.0,2025-10-23 11:36:14,Não especificada,7896623100479,Xandô
Energético Red Bull Pomelo Sem Açúcar 250ml,https://www.paodeacucar.com/produto/1632491/energetico-red-bull-pomelo-sem-acucar-250ml,250.0,5.0,0.0,0.0,0.0,0.0,0.0,0.0,143.0,2025-10-23 11:37:16,Não especificada,9002490280901,Red Bull
Refresco em Pó Abacaxi Mid Zero Pacote 8g,https://www.paodeacucar.com/produto/39088/refresco-em-po-abacaxi-mid-zero-pacote-8g,0.0,5.0,0.7,0.0,0.0,0.0,0.0,0.1,23.0,2025-10-23 11:37:35,Não especificada,7891132001286,Mid
"Suco Misto de Laranja, Cenoura e Beterraba GREENPEOPLE 1 Litro","https://www.paodeacucar.com/produto/401637/suco-misto-de-laranja,-cenoura-e-beterraba-greenpeople-1-litro",200.0,76.0,19.0,1.6,0.3,0.0,2.0,15.0,0.0,2025-10-23 11:38:51,Não especificada,7898958985561,Greenpeople
Refresco em pó Fit Laranja 10g,https://www.paodeacucar.com/produto/102136/refresco-em-po-fit-laranja-10g,2.0,6.0,0.7,0.0,0.0,0.0,0.0,0.1,75.0,2025-10-23 11:39:46,Não especificada,7891132000999,Mid
Refresco em pó Fit Uva 8g,https://www.paodeacucar.com/produto/141288/refresco-em-po-fit-uva-8g,0.0,5.0,0.7,0.0,0.0,0.0,0.0,0.1,27.0,2025-10-23 11:40:41,Não especificada,7891132009961,Mid
Suco Uva Fazenda Bela Vista Garrafa 300ml,https://www.paodeacucar.com/produto/1340717/suco-uva-fazenda-bela-vista-garrafa-300ml,300.0,162.0,40.0,0.7,0.0,0.0,0.0,38.0,17.0,2025-10-23 11:43:08,Não especificada,7896229800858,Fazenda Bela Vista
Refresco em Pó Limão Mid Zero Pacote 8g,https://www.paodeacucar.com/produto/102723/refresco-em-po-limao-mid-zero-pacote-8g,0.0,5.0,0.0,0.0,0.0,0.0,0.0,0.0,5.4,2025-10-23 11:44:21,Não especificada,7891132009985,Mid
Refrigerante Orgânico WEWI Zero Cola Garrafa 255ml,https://www.paodeacucar.com/produto/412864/refrigerante-organico-wewi-zero-cola-garrafa-255ml,255.0,6.0,0.0,0.0,0.0,0.0,0.0,0.0,0.0,2025-10-23 11:44:58,Não especificada,7898950338440,Wewi
Energético Maçã-Verde Zero Açúcar Baly Lata 473ml,https://www.paodeacucar.com/produto/1406968/energetico-maca-verde-zero-acucar-baly-lata-473ml,200.0,5.6,0.0,0.0,0.0,0.0,0.0,0.0,62.0,2025-10-23 11:45:35,Não especificada,7898080664815,Baly
Energético Melancia Zero Açúcar Baly Lata 473ml,https://www.paodeacucar.com/produto/1406969/energetico-melancia-zero-acucar-baly-lata-473ml,200.0,5.6,0.0,0.0,0.0,0.0,0.0,0.0,62.0,2025-10-23 11:47:59,Não especificada,7898080664839,Baly
Água de Coco Kero Coco Caixa 330ml,https://www.paodeacucar.com/produto/87500/agua-de-coco-kero-coco-caixa-330ml,330.0,67.0,17.0,0.0,0.0,0.0,0.0,17.0,19.0,2025-10-23 11:49:30,Não especificada,7896828000482,Kero Coco
Água de Coco Esterilizada Integral Villa Piva Garrafa 300ml,https://www.paodeacucar.com/produto/464025/agua-de-coco-esterilizada-integral-villa-piva-garrafa-300ml,300.0,52.0,13.0,0.0,0.0,0.0,0.0,0.0,22.0,2025-10-23 11:49:49,Não especificada,7898965716233,Villa Piva
Ginger Beer St. Pierre 270ml,https://www.paodeacucar.com/produto/596095/ginger-beer-st--pierre-270ml,270.0,80.0,20.0,0.0,0.0,0.0,0.0,20.0,19.0,2025-10-23 11:50:28,Não especificada,7896050201145,St. Pierre
Isotônico GATORADE Tangerina Garrafa 500ML,https://www.paodeacucar.com/produto/137622/isotonico-gatorade-tangerina-garrafa-500ml,200.0,48.0,12.0,0.0,0.0,0.0,0.0,0.0,90.0,2025-10-23 11:50:47,Não especificada,7892840808044,Gatorade
Refrigerante Orgânico WEWI Sabor Cola Lata 350ml,https://www.paodeacucar.com/produto/618753/refrigerante-organico-wewi-sabor-cola-lata-350ml,350.0,148.0,0.0,0.0,0.0,0.0,0.0,0.0,0.0,2025-10-23 11:51:25,Não especificada,7898950338068,Wewi
Isotônico Uva Powerade Garrafa 500ml,https://www.paodeacucar.com/produto/164948/isotonico-uva-powerade-garrafa-500ml,200.0,31.0,7.4,0.0,0.0,0.0,0.0,0.0,100.0,2025-10-23 11:52:02,Não especificada,7894900501001,Powerade
Energético Tropical Baly Lata 473ml,https://www.paodeacucar.com/produto/1614413/energetico-tropical-baly-lata-473ml,200.0,116.0,0.0,0.0,0.0,0.0,0.0,19.6,96.0,2025-10-23 11:52:58,Não especificada,7898080664273,Baly
Energético Melancia Baly Lata 473ml,https://www.paodeacucar.com/produto/1614415/energetico-melancia-baly-lata-473ml,200.0,78.4,19.6,0.0,0.0,0.0,0.0,19.6,96.0,2025-10-23 11:53:36,Não especificada,7898080664402,Baly
Bebida à Base de Soja Maçã Ades Caixa 1l,https://www.paodeacucar.com/produto/528839/bebida-a-base-de-soja-maca-ades-caixa-1l,200.0,35.0,5.9,1.2,0.6,0.0,0.0,5.0,15.0,2025-10-23 11:53:56,Não especificada,7894900087062,Ades
Red Bull Energético Summer Edition Maracujá e Melão Edition 250ml,https://www.paodeacucar.com/produto/1628149/red-bull-energetico-summer-edition-maracuja-e-melao-edition-250ml,250.0,110.0,28.0,0.0,0.0,0.0,0.0,28.0,90.0,2025-10-23 12:01:17,Não especificada,9002490275013,Red Bull
